Unnamed: 0_level_0,Unnamed: 1_level_0,Unnamed: 2_level_0,Unnamed: 3_level_0,Unnamed: 4_level_0,Unnamed: 5_level_0,Performance,Performance,Performance,Performance,Performance,Performance,Performance,Performance,Performance,Performance,Performance,Performance,Performance,Performance,Performance,Performance,Performance
Player,#,Nation,Pos,Age,Min,Gls,Ast,PK,PKatt,Sh,SoT,CrdY,CrdR,Fls,Fld,Off,Crs,TklW,Int,OG,PKwon,PKcon
Ashley Hatch,33.0,us USA,FW,22-345,90,0,0,0,0,,,0,0,,,,,,,0,,
Francisca Ordega,14.0,ng NGA,FW,24-198,90,0,0,0,0,,,0,0,,,,,,,0,,
Mallory Swanson,11.0,us USA,FW,20-006,90,0,0,0,0,,,0,0,,,,,,,0,,
Tori Huster,23.0,us USA,CM,28-224,36,0,0,0,0,,,0,0,,,,,,,0,,
Quinn,4.0,ca CAN,"DF,MF",22-267,54,0,0,0,0,,,0,0,,,,,,,0,,
Andi Sullivan,6.0,us USA,CM,22-136,90,0,0,0,0,,,0,0,,,,,,,0,,
Meggie Dougherty Howard,8.0,us USA,CM,22-282,62,0,0,0,0,,,0,0,,,,,,,0,,
Estefan√≠a Banini,10.0,ar ARG,"FW,MF",27-318,28,0,0,0,0,,,0,0,,,,,,,0,,
Caprice Dydasco,3.0,us USA,LB,24-259,80,0,0,0,0,,,0,0,,,,,,,0,,
Cali Farquharson,17.0,us USA,FW,24-139,10,0,0,0,0,,,0,0,,,,,,,0,,
Estelle Johnson,24.0,cm CMR,CB,29-288,90,0,0,0,0,,,0,0,,,,,,,0,,
Whitney Church,5.0,us USA,CB,25-005,90,0,0,0,0,,,0,0,,,,,,,0,,
Taylor Smith,7.0,us USA,RB,24-155,90,0,0,0,0,,,1,0,,,,,,,0,,
Aubrey Kingsbury,1.0,us USA,GK,26-166,90,0,0,0,0,,,0,0,,,,,,,0,,
14 Players,,,,,990,0,0,0,0,,,1,0,,,,,,,0,,
